type,word
practice,thonz
practice,shrinths
practice,involve
practice,scrape
practice,portsmouth
practice,germany
practice,dancer
practice,click
practice,carnival
practice,carrier
nonword,frirmths
nonword,durpths
nonword,skronnth
nonword,thourmb
nonword,jouche
nonword,kulced
nonword,dwoacsed
nonword,twimed
nonword,vakes
nonword,kirmbed
nonword,doarged
nonword,sowntse
neutral,portrait
neutral,ordinate
neutral,observer
neutral,liberal
neutral,cotton
neutral,appetite
neutral,forest
neutral,locust
neutral,time
neutral,always
neutral,fracture
neutral,dove
neutral,piece
neutral,democracy
neutral,bluster
neutral,diary
neutral,circus
neutral,drone
neutral,bait
neutral,birthplace
neutral,bottle
neutral,background
neutral,paper
neutral,write
neutral,candle
neutral,edit
neutral,capture
neutral,crop
neutral,day
neutral,zoo
neutral,costume
neutral,soup
neutral,clay
neutral,stapler
inexpensive,volkswagen
inexpensive,citroen
inexpensive,fiat
inexpensive,hyundai
inexpensive,kia
inexpensive,nissan
inexpensive,peugeot
expensive,limousine
expensive,maserati
expensive,bentley
expensive,lamborghini
expensive,porsche
expensive,rolls royce
expensive,ferrari
